{
    "name": "root",
    "gauges": {
        "Collector.Policy.Entropy.mean": {
            "value": 1.3191691637039185,
            "min": 1.3191691637039185,
            "max": 1.3191691637039185,
            "count": 1
        },
        "Collector.Environment.EpisodeLength.mean": {
            "value": 30.130990415335464,
            "min": 30.130990415335464,
            "max": 30.130990415335464,
            "count": 1
        },
        "Collector.Policy.ExtrinsicValueEstimate.mean": {
            "value": 0.7855275273323059,
            "min": 0.7855275273323059,
            "max": 0.7855275273323059,
            "count": 1
        },
        "Collector.Environment.CumulativeReward.mean": {
            "value": 10.855111761976735,
            "min": 10.855111761976735,
            "max": 10.855111761976735,
            "count": 1
        },
        "Collector.Policy.ExtrinsicReward.mean": {
            "value": 10.855111761976735,
            "min": 10.855111761976735,
            "max": 10.855111761976735,
            "count": 1
        },
        "Collector.Losses.PolicyLoss.mean": {
            "value": 0.018690674301857748,
            "min": 0.018690674301857748,
            "max": 0.018690674301857748,
            "count": 1
        },
        "Collector.Losses.ValueLoss.mean": {
            "value": 1.7701046307881674,
            "min": 1.7701046307881674,
            "max": 1.7701046307881674,
            "count": 1
        },
        "Collector.Policy.LearningRate.mean": {
            "value": 0.00018036291987904,
            "min": 0.00018036291987904,
            "max": 0.00018036291987904,
            "count": 1
        },
        "Collector.Policy.Epsilon.mean": {
            "value": 0.1601209600000001,
            "min": 0.1601209600000001,
            "max": 0.1601209600000001,
            "count": 1
        },
        "Collector.Policy.Beta.mean": {
            "value": 0.003010035903999999,
            "min": 0.003010035903999999,
            "max": 0.003010035903999999,
            "count": 1
        },
        "Collector.IsTraining.mean": {
            "value": 1.0,
            "min": 1.0,
            "max": 1.0,
            "count": 1
        }
    },
    "metadata": {
        "timer_format_version": "0.1.0",
        "start_time_seconds": "1610123593",
        "python_version": "3.7.9 (default, Aug 31 2020, 17:10:11) [MSC v.1916 64 bit (AMD64)]",
        "command_line_arguments": "C:\\ProgramData\\Anaconda3\\envs\\ml-capsule\\Scripts\\mlagents-learn C:\\Users\\marina.carretero\\Desktop\\aiml\\project\\ml-agents-release_7_branch\\config\\ppo\\Collector.yaml --run-id=collector11 --resume",
        "mlagents_version": "0.23.0",
        "mlagents_envs_version": "0.23.0",
        "communication_protocol_version": "1.3.0",
        "pytorch_version": "1.7.1",
        "numpy_version": "1.19.5",
        "end_time_seconds": "1610123777"
    },
    "total": 184.5448913,
    "count": 1,
    "self": 0.0121329999999773,
    "children": {
        "run_training.setup": {
            "total": 0.09799589999999991,
            "count": 1,
            "self": 0.09799589999999991
        },
        "TrainerController.start_learning": {
            "total": 184.4347624,
            "count": 1,
            "self": 0.1722666000008246,
            "children": {
                "TrainerController._reset_env": {
                    "total": 76.65838269999999,
                    "count": 1,
                    "self": 76.65838269999999
                },
                "TrainerController.advance": {
                    "total": 107.46958849999922,
                    "count": 4793,
                    "self": 0.09473059999928068,
                    "children": {
                        "env_step": {
                            "total": 107.37485789999994,
                            "count": 4793,
                            "self": 88.55269369999937,
                            "children": {
                                "SubprocessEnvManager._take_step": {
                                    "total": 18.732951400000672,
                                    "count": 4793,
                                    "self": 0.4685133000006374,
                                    "children": {
                                        "TorchPolicy.evaluate": {
                                            "total": 18.264438100000035,
                                            "count": 4544,
                                            "self": 6.530095400000491,
                                            "children": {
                                                "TorchPolicy.sample_actions": {
                                                    "total": 11.734342699999544,
                                                    "count": 4544,
                                                    "self": 11.734342699999544
                                                }
                                            }
                                        }
                                    }
                                },
                                "workers": {
                                    "total": 0.08921279999989906,
                                    "count": 4792,
                                    "self": 0.0,
                                    "children": {
                                        "worker_root": {
                                            "total": 109.15069050000076,
                                            "count": 4792,
                                            "is_parallel": true,
                                            "self": 29.548388800001106,
                                            "children": {
                                                "steps_from_proto": {
                                                    "total": 0.0006153000000068687,
                                                    "count": 1,
                                                    "is_parallel": true,
                                                    "self": 0.0001305000000115797,
                                                    "children": {
                                                        "_process_vector_observation": {
                                                            "total": 0.000484799999995289,
                                                            "count": 4,
                                                            "is_parallel": true,
                                                            "self": 0.000484799999995289
                                                        }
                                                    }
                                                },
                                                "UnityEnvironment.step": {
                                                    "total": 79.60168639999965,
                                                    "count": 4792,
                                                    "is_parallel": true,
                                                    "self": 0.9968985000013646,
                                                    "children": {
                                                        "UnityEnvironment._generate_step_input": {
                                                            "total": 1.446160500000076,
                                                            "count": 4792,
                                                            "is_parallel": true,
                                                            "self": 1.446160500000076
                                                        },
                                                        "communicator.exchange": {
                                                            "total": 73.78071229999931,
                                                            "count": 4792,