{
    "name": "root",
    "metadata": {
        "timer_format_version": "0.1.0",
        "start_time_seconds": "1610116481",
        "python_version": "3.7.9 (default, Aug 31 2020, 17:10:11) [MSC v.1916 64 bit (AMD64)]",
        "command_line_arguments": "C:\\ProgramData\\Anaconda3\\envs\\ml-capsule\\Scripts\\mlagents-learn C:\\Users\\marina.carretero\\Desktop\\aiml\\project\\ml-agents-release_7_branch\\config\\ppo\\Collector.yaml --run-id=collector10_uptadeNearest --resume",
        "mlagents_version": "0.23.0",
        "mlagents_envs_version": "0.23.0",
        "communication_protocol_version": "1.3.0",
        "pytorch_version": "1.7.1",
        "numpy_version": "1.19.5",
        "end_time_seconds": "1610116604"
    },
    "total": 123.14547620000002,
    "count": 1,
    "self": 0.017079000000009614,
    "children": {
        "run_training.setup": {
            "total": 0.10382709999999928,
            "count": 1,
            "self": 0.10382709999999928
        },
        "TrainerController.start_learning": {
            "total": 123.0245701,
            "count": 1,
            "self": 0.02452519999999936,
            "children": {
                "TrainerController._reset_env": {
                    "total": 110.07573730000001,
                    "count": 1,
                    "self": 110.07573730000001
                },
                "TrainerController.advance": {
                    "total": 12.677481100000023,
                    "count": 635,
                    "self": 0.012697299999942402,
                    "children": {
                        "env_step": {
                            "total": 12.66478380000008,
                            "count": 635,
                            "self": 10.74406030000057,
                            "children": {
                                "SubprocessEnvManager._take_step": {
                                    "total": 1.9090244999996884,
                                    "count": 635,
                                    "self": 0.05660769999977333,
                                    "children": {
                                        "TorchPolicy.evaluate": {
                                            "total": 1.852416799999915,
                                            "count": 544,
                                            "self": 0.6628940000000512,
                                            "children": {
                                                "TorchPolicy.sample_actions": {
                                                    "total": 1.1895227999998639,
                                                    "count": 544,
                                                    "self": 1.1895227999998639
                                                }
                                            }
                                        }
                                    }
                                },
                                "workers": {
                                    "total": 0.01169899999982249,
                                    "count": 634,
                                    "self": 0.0,
                                    "children": {
                                        "worker_root": {
                                            "total": 67.35585429999973,
                                            "count": 634,
                                            "is_parallel": true,
                                            "self": 57.77116099999981,
                                            "children": {
                                                "steps_from_proto": {
                                                    "total": 0.0006003999999961707,
                                                    "count": 1,
                                                    "is_parallel": true,
                                                    "self": 0.0001278999999954067,
                                                    "children": {
                                                        "_process_vector_observation": {
                                                            "total": 0.000472500000000764,
                                                            "count": 4,
                                                            "is_parallel": true,
                                                            "self": 0.000472500000000764
                                                        }
                                                    }
                                                },
                                                "UnityEnvironment.step": {
                                                    "total": 9.58409289999993,
                                                    "count": 634,
                                                    "is_parallel": true,
                                                    "self": 0.12812359999975342,
                                                    "children": {
                                                        "UnityEnvironment._generate_step_input": {
                                                            "total": 0.17584730000001514,
                                                            "count": 634,
                                                            "is_parallel": true,
                                                            "self": 0.17584730000001514
                                                        },
                                                        "communicator.exchange": {
                                                            "total": 8.847453300000126,
                                                            "count": 634,
                                                            "is_parallel": true,
                                                            "self": 8.847453300000126
                                                        },
                                                        "steps_from_proto": {
                                                            "total": 0.4326687000000362,
                                                            "count": 634,
                                                            "is_parallel": true,
                                                            "self": 0.09863199999965389,
                                                            "children": {
                                                                "_process_vector_observation": {
                                                                    "total": 0.3340367000003823,
                                                                    "count": 2536,
                                                                    "is_parallel": true,
                                                                    "self": 0.3340367000003823
                                                                }
                                                            }
                                                        }
                                                    }
                                                }
                                            }
                                        }
                                    }
                                }
                            }
                        }
                    }
                },
                "trainer_threads": {
                    "total": 3.759999998464991e-05,
                    "count": 1,
                    "self": 3.759999998464991e-05,
                    "children": {
                        "thread_root": {
                            "total": 0.0,
                            "count": 0,
                            "is_parallel": true,
                            "self": 0.0,