{
    "name": "root",
    "metadata": {
        "timer_format_version": "0.1.0",
        "start_time_seconds": "1610044594",
        "python_version": "3.7.9 (default, Aug 31 2020, 17:10:11) [MSC v.1916 64 bit (AMD64)]",
        "command_line_arguments": "C:\\ProgramData\\Anaconda3\\envs\\ml-capsule\\Scripts\\mlagents-learn C:\\Users\\marina.carretero\\Desktop\\aiml\\project\\ml-agents-release_7_branch\\config\\ppo\\Collector.yaml --run-id=collector04_wallsIn",
        "mlagents_version": "0.23.0",
        "mlagents_envs_version": "0.23.0",
        "communication_protocol_version": "1.3.0",
        "pytorch_version": "1.7.1",
        "numpy_version": "1.19.5",
        "end_time_seconds": "1610044721"
    },
    "total": 126.60255409999999,
    "count": 1,
    "self": 0.024101099999995768,
    "children": {
        "run_training.setup": {
            "total": 0.1742259999999991,
            "count": 1,
            "self": 0.1742259999999991
        },
        "TrainerController.start_learning": {
            "total": 126.40422699999999,
            "count": 1,
            "self": 0.2389061999993487,
            "children": {
                "TrainerController._reset_env": {
                    "total": 23.410196000000003,
                    "count": 1,
                    "self": 23.410196000000003
                },
                "TrainerController.advance": {
                    "total": 102.48496740000066,
                    "count": 4222,
                    "self": 0.14001170000069862,
                    "children": {
                        "env_step": {
                            "total": 102.34495569999996,
                            "count": 4222,
                            "self": 76.88001610000074,
                            "children": {
                                "SubprocessEnvManager._take_step": {
                                    "total": 25.33546499999983,
                                    "count": 4222,
                                    "self": 0.6933106999992802,
                                    "children": {
                                        "TorchPolicy.evaluate": {
                                            "total": 24.64215430000055,
                                            "count": 4222,
                                            "self": 9.880521600000606,
                                            "children": {
                                                "TorchPolicy.sample_actions": {
                                                    "total": 14.761632699999943,
                                                    "count": 4222,
                                                    "self": 14.761632699999943
                                                }
                                            }
                                        }
                                    }
                                },
                                "workers": {
                                    "total": 0.1294745999993765,
                                    "count": 4221,
                                    "self": 0.0,
                                    "children": {
                                        "worker_root": {
                                            "total": 106.49470770000042,
                                            "count": 4221,
                                            "is_parallel": true,
                                            "self": 41.51204280000047,
                                            "children": {
                                                "steps_from_proto": {
                                                    "total": 0.0005513999999990915,
                                                    "count": 1,
                                                    "is_parallel": true,
                                                    "self": 0.00019429999999687197,
                                                    "children": {
                                                        "_process_vector_observation": {
                                                            "total": 0.00035710000000221953,
                                                            "count": 2,
                                                            "is_parallel": true,
                                                            "self": 0.00035710000000221953
                                                        }
                                                    }
                                                },
                                                "UnityEnvironment.step": {
                                                    "total": 64.98211349999995,
                                                    "count": 4221,
                                                    "is_parallel": true,
                                                    "self": 1.0249468000001514,
                                                    "children": {
                                                        "UnityEnvironment._generate_step_input": {
                                                            "total": 1.812156099999413,
                                                            "count": 4221,
                                                            "is_parallel": true,
                                                            "self": 1.812156099999413
                                                        },
                                                        "communicator.exchange": {
                                                            "total": 59.56169350000057,
                                                            "count": 4221,
                                                            "is_parallel": true,
                                                            "self": 59.56169350000057
                                                        },
                                                        "steps_from_proto": {
                                                            "total": 2.5833170999998174,
                                                            "count": 4221,
                                                            "is_parallel": true,
                                                            "self": 0.9402345999999611,
                                                            "children": {
                                                                "_process_vector_observation": {
                                                                    "total": 1.6430824999998563,
                                                                    "count": 8442,
                                                                    "is_parallel": true,
                                                                    "self": 1.6430824999998563
                                                                }
                                                            }
                                                        }
                                                    }
                                                }
                                            }
                                        }
                                    }
                                }
                            }
                        }
                    }
                },
                "trainer_threads": {
                    "total": 6.890000000225882e-05,
                    "count": 1,
                    "self": 6.890000000225882e-05,
                    "children": {
                        "thread_root": {
                            "total": 0.0,
                            "count": 0,
                            "is_parallel": true,
                            "self": 0.0,