{
    "name": "root",
    "gauges": {
        "hb_01_Hummingbird.Policy.Entropy.mean": {
            "value": 1.241628885269165,
            "min": 1.241628885269165,
            "max": 1.4234092235565186,
            "count": 500
        },
        "hb_01_Hummingbird.Policy.ExtrinsicValueEstimate.mean": {
            "value": 0.6704084277153015,
            "min": -0.0012248273706063628,
            "max": 0.7020152807235718,
            "count": 500
        },
        "hb_01_Hummingbird.Environment.EpisodeLength.mean": {
            "value": 999.0,
            "min": 999.0,
            "max": 999.0,
            "count": 500
        },
        "hb_01_Hummingbird.Environment.CumulativeReward.mean": {
            "value": 6.832173798481623,
            "min": -2.1875,
            "max": 8.352192407473922,
            "count": 500
        },
        "hb_01_Hummingbird.Policy.ExtrinsicReward.mean": {
            "value": 6.832173798481623,
            "min": -2.1875,
            "max": 8.352192407473922,
            "count": 500
        },
        "hb_01_Hummingbird.IsTraining.mean": {
            "value": 1.0,
            "min": 1.0,
            "max": 1.0,
            "count": 500
        },
        "hb_01_Hummingbird.Losses.ValueLoss.mean": {
            "value": 0.009492425248026848,
            "min": 4.912882286589593e-05,
            "max": 0.01260726060718298,
            "count": 238
        },
        "hb_01_Hummingbird.Losses.PolicyLoss.mean": {
            "value": 0.015823297202587128,
            "min": 0.009867249056696892,
            "max": 0.024151789024472237,
            "count": 238
        },
        "hb_01_Hummingbird.Policy.LearningRate.mean": {
            "value": 5.0024834052919687e-08,
            "min": 5.0024834052919687e-08,
            "max": 0.0002987328334711492,
            "count": 238
        }
    },
    "metadata": {
        "timer_format_version": "0.1.0",
        "start_time_seconds": "1607876502",
        "python_version": "3.7.9 (default, Aug 31 2020, 17:10:11) [MSC v.1916 64 bit (AMD64)]",
        "command_line_arguments": "C:\\ProgramData\\Anaconda3\\envs\\ml-agents-1.0.2\\Scripts\\mlagents-learn ./trainer_config.yaml --run-id hb_01",
        "mlagents_version": "0.16.0",
        "mlagents_envs_version": "0.16.0",
        "communication_protocol_version": "1.0.0",
        "tensorflow_version": "2.3.1",
        "end_time_seconds": "1607891575"
    },
    "total": 15072.5812614,
    "count": 1,
    "self": 0.28362339999875985,
    "children": {
        "run_training.setup": {
            "total": 0.11263749999999995,
            "count": 1,
            "self": 0.11263749999999995
        },
        "TrainerController.start_learning": {
            "total": 15072.185000500001,
            "count": 1,
            "self": 338.53833520010994,
            "children": {
                "TrainerController._reset_env": {
                    "total": 30.702323000000003,
                    "count": 1,
                    "self": 30.702323000000003
                },
                "TrainerController.advance": {
                    "total": 14700.007041899893,
                    "count": 625129,
                    "self": 10.952945699638803,
                    "children": {
                        "env_step": {
                            "total": 14689.054096200254,
                            "count": 625129,
                            "self": 14069.708515100661,
                            "children": {
                                "SubprocessEnvManager._take_step": {
                                    "total": 607.575426699525,
                                    "count": 625129,
                                    "self": 30.066345599928923,
                                    "children": {
                                        "NNPolicy.evaluate": {
                                            "total": 577.5090810995961,
                                            "count": 625129,
                                            "self": 577.5090810995961
                                        }
                                    }
                                },
                                "workers": {
                                    "total": 11.77015440006786,
                                    "count": 625129,
                                    "self": 0.0,
                                    "children": {
                                        "worker_root": {
                                            "total": 15018.639965100083,
                                            "count": 625129,
                                            "is_parallel": true,
                                            "self": 2424.1866649992207,
                                            "children": {
                                                "steps_from_proto": {
                                                    "total": 0.0005088999999998123,
                                                    "count": 1,
                                                    "is_parallel": true,
                                                    "self": 0.00010209999999943875,
                                                    "children": {
                                                        "_process_vector_observation": {
                                                            "total": 0.00040680000000037353,
                                                            "count": 8,
                                                            "is_parallel": true,
                                                            "self": 0.00040680000000037353
                                                        }
                                                    }
                                                },
                                                "UnityEnvironment.step": {
                                                    "total": 12594.452791200862,
                                                    "count": 625129,
                                                    "is_parallel": true,
                                                    "self": 134.2153661013399,
                                                    "children": {
                                                        "UnityEnvironment._generate_step_input": {
                                                            "total": 98.698973200152,
                                                            "count": 625129,
                                                            "is_parallel": true,
                                                            "self": 98.698973200152
                                                        },
                                                        "communicator.exchange": {
                                                            "total": 11839.640116699784,
                                                            "count": 625129,
                                                            "is_parallel": true,
                                                            "self": 11839.640116699784
                                                        },
                                                        "steps_from_proto": {
                                                            "total": 521.8983351995867,
                                                            "count": 625129,
                                                            "is_parallel": true,
                                                            "self": 109.12157579903345,
                                                            "children": {
                                                                "_process_vector_observation": {
                                                                    "total": 412.7767594005532,