{
    "name": "root",
    "gauges": {
        "Collector.Policy.Entropy.mean": {
            "value": 1.4102718830108643,
            "min": 1.4102718830108643,
            "max": 1.4170702695846558,
            "count": 8
        },
        "Collector.Environment.EpisodeLength.mean": {
            "value": 3.6004415011037527,
            "min": 3.5993377483443707,
            "max": 3.60077519379845,
            "count": 8
        },
        "Collector.Policy.ExtrinsicValueEstimate.mean": {
            "value": 0.004989191424101591,
            "min": -0.00604651914909482,
            "max": 0.06900186091661453,
            "count": 8
        },
        "Collector.Environment.CumulativeReward.mean": {
            "value": 0.0,
            "min": 0.0,
            "max": 0.0,
            "count": 8
        },
        "Collector.Policy.ExtrinsicReward.mean": {
            "value": 0.0,
            "min": 0.0,
            "max": 0.0,
            "count": 8
        },
        "Collector.IsTraining.mean": {
            "value": 1.0,
            "min": 1.0,
            "max": 1.0,
            "count": 8
        },
        "Collector.Losses.PolicyLoss.mean": {
            "value": 0.014924212063973149,
            "min": 0.013867373529097273,
            "max": 0.017229355568997563,
            "count": 7
        },
        "Collector.Losses.ValueLoss.mean": {
            "value": 0.000450685883697588,
            "min": 0.0004378946410724894,
            "max": 0.016254104278050362,
            "count": 7
        },
        "Collector.Policy.LearningRate.mean": {
            "value": 0.00027454740848419996,
            "min": 0.00027454740848419996,
            "max": 0.00029239488253503997,
            "count": 7
        },
        "Collector.Policy.Epsilon.mean": {
            "value": 0.19151580000000007,
            "min": 0.19151580000000007,
            "max": 0.19746496000000002,
            "count": 7
        },
        "Collector.Policy.Beta.mean": {
            "value": 0.004576638419999999,
            "min": 0.004576638419999999,
            "max": 0.004873501504,
            "count": 7
        }
    },
    "metadata": {
        "timer_format_version": "0.1.0",
        "start_time_seconds": "1610047358",
        "python_version": "3.7.9 (default, Aug 31 2020, 17:10:11) [MSC v.1916 64 bit (AMD64)]",
        "command_line_arguments": "C:\\ProgramData\\Anaconda3\\envs\\ml-capsule\\Scripts\\mlagents-learn C:\\Users\\marina.carretero\\Desktop\\aiml\\project\\ml-agents-release_7_branch\\config\\ppo\\Collector.yaml --run-id=collector05_wallsIn --resume",
        "mlagents_version": "0.23.0",
        "mlagents_envs_version": "0.23.0",
        "communication_protocol_version": "1.3.0",
        "pytorch_version": "1.7.1",
        "numpy_version": "1.19.5",
        "end_time_seconds": "1610049502"
    },
    "total": 2143.4901409000004,
    "count": 1,
    "self": 0.03532100000029459,
    "children": {
        "run_training.setup": {
            "total": 0.19329100000000032,
            "count": 1,
            "self": 0.19329100000000032
        },
        "TrainerController.start_learning": {
            "total": 2143.2615289,
            "count": 1,
            "self": 3.1830231999992975,
            "children": {
                "TrainerController._reset_env": {
                    "total": 15.3241235,
                    "count": 1,
                    "self": 15.3241235
                },
                "TrainerController.advance": {
                    "total": 2124.2282305000003,
                    "count": 40179,
                    "self": 1.9079253999939283,
                    "children": {
                        "env_step": {
                            "total": 2122.3203051000064,
                            "count": 40179,
                            "self": 1790.4142144000225,
                            "children": {
                                "SubprocessEnvManager._take_step": {
                                    "total": 330.1086532999845,
                                    "count": 40179,
                                    "self": 7.927484999966907,
                                    "children": {
                                        "TorchPolicy.evaluate": {
                                            "total": 322.1811683000176,
                                            "count": 34227,
                                            "self": 107.23537080003717,
                                            "children": {
                                                "TorchPolicy.sample_actions": {
                                                    "total": 214.94579749998042,
                                                    "count": 34227,
                                                    "self": 214.94579749998042
                                                }
                                            }
                                        }
                                    }
                                },
                                "workers": {
                                    "total": 1.7974373999994384,
                                    "count": 40178,
                                    "self": 0.0,
                                    "children": {
                                        "worker_root": {
                                            "total": 2127.6632395999927,
                                            "count": 40178,
                                            "is_parallel": true,
                                            "self": 907.20173859999,
                                            "children": {
                                                "steps_from_proto": {
                                                    "total": 0.0006406000000005463,
                                                    "count": 1,
                                                    "is_parallel": true,
                                                    "self": 0.00021010000000032392,
                                                    "children": {
                                                        "_process_vector_observation": {
                                                            "total": 0.00043050000000022237,
                                                            "count": 2,
                                                            "is_parallel": true,
                                                            "self": 0.00043050000000022237
                                                        }
                                                    }
                                                },
                                                "UnityEnvironment.step": {
                                                    "total": 1220.4608604000027,
                                                    "count": 40178,
                                                    "is_parallel": true,
                                                    "self": 15.002645699997174,
                                                    "children": {
                                                        "UnityEnvironment._generate_step_input": {
                                                            "total": 28.90718829999411,
                                                            "count": 40178,
                                                            "is_parallel": true,
                                                            "self": 28.90718829999411
                                                        },
                                                        "communicator.exchange": {
                                                            "total": 1136.4617915999997,
                                                            "count": 40178,
                                                            "is_parallel": true,