{
    "name": "root",
    "gauges": {
        "Collector.Policy.Entropy.mean": {
            "value": 1.1786153316497803,
            "min": 1.1786153316497803,
            "max": 1.417011022567749,
            "count": 42
        },
        "Collector.Policy.ExtrinsicValueEstimate.mean": {
            "value": 4.7157182693481445,
            "min": 0.027339860796928406,
            "max": 4.823821544647217,
            "count": 42
        },
        "Collector.Environment.EpisodeLength.mean": {
            "value": 16.778767367296044,
            "min": 16.028600612870274,
            "max": 999.3142857142857,
            "count": 42
        },
        "Collector.Environment.CumulativeReward.mean": {
            "value": 10.830003278721335,
            "min": 4.471739081800848,
            "max": 10.872352464666802,
            "count": 42
        },
        "Collector.Policy.ExtrinsicReward.mean": {
            "value": 10.830003278721335,
            "min": 4.471739081800848,
            "max": 10.872352464666802,
            "count": 42
        },
        "Collector.Losses.PolicyLoss.mean": {
            "value": 0.01488372137149175,
            "min": 0.01381073521786473,
            "max": 0.021878172177821398,
            "count": 42
        },
        "Collector.Losses.ValueLoss.mean": {
            "value": 0.22996283695101738,
            "min": 0.12296943896346624,
            "max": 1.0123930523792901,
            "count": 42
        },
        "Collector.Policy.LearningRate.mean": {
            "value": 0.00017278297240568995,
            "min": 0.00017278297240568995,
            "max": 0.00029517864160711997,
            "count": 42
        },
        "Collector.Policy.Epsilon.mean": {
            "value": 0.15759431000000002,
            "min": 0.15759431000000002,
            "max": 0.19839288000000005,
            "count": 42
        },
        "Collector.Policy.Beta.mean": {
            "value": 0.002883956069000002,
            "min": 0.002883956069000002,
            "max": 0.004919804712,
            "count": 42
        },
        "Collector.IsTraining.mean": {
            "value": 1.0,
            "min": 1.0,
            "max": 1.0,
            "count": 42
        }
    },
    "metadata": {
        "timer_format_version": "0.1.0",
        "start_time_seconds": "1610148062",
        "python_version": "3.7.9 (default, Aug 31 2020, 17:10:11) [MSC v.1916 64 bit (AMD64)]",
        "command_line_arguments": "C:\\ProgramData\\Anaconda3\\envs\\ml-capsule\\Scripts\\mlagents-learn C:\\Users\\marina.carretero\\Desktop\\aiml\\project\\ml-agents-release_7_branch\\config\\ppo\\Collector.yaml --run-id=collector13 --resume",
        "mlagents_version": "0.23.0",
        "mlagents_envs_version": "0.23.0",
        "communication_protocol_version": "1.3.0",
        "pytorch_version": "1.7.1",
        "numpy_version": "1.19.5",
        "end_time_seconds": "1610153232"
    },
    "total": 5169.399660200001,
    "count": 1,
    "self": 0.01106410000102187,
    "children": {
        "run_training.setup": {
            "total": 0.08512189999999986,
            "count": 1,
            "self": 0.08512189999999986
        },
        "TrainerController.start_learning": {
            "total": 5169.3034742,
            "count": 1,
            "self": 10.063544200022989,
            "children": {
                "TrainerController._reset_env": {
                    "total": 27.437003500000003,
                    "count": 1,
                    "self": 27.437003500000003
                },
                "TrainerController.advance": {
                    "total": 5130.814222699976,
                    "count": 238808,
                    "self": 5.125525600025867,
                    "children": {
                        "env_step": {
                            "total": 5125.68869709995,
                            "count": 238808,
                            "self": 4433.323953699926,
                            "children": {
                                "SubprocessEnvManager._take_step": {
                                    "total": 687.5490785999611,
                                    "count": 238808,
                                    "self": 19.287369299922375,
                                    "children": {
                                        "TorchPolicy.evaluate": {
                                            "total": 668.2617093000388,
                                            "count": 174297,
                                            "self": 248.07302410011948,
                                            "children": {
                                                "TorchPolicy.sample_actions": {
                                                    "total": 420.1886851999193,
                                                    "count": 174297,
                                                    "self": 420.1886851999193
                                                }
                                            }
                                        }
                                    }
                                },
                                "workers": {
                                    "total": 4.815664800062926,
                                    "count": 238807,
                                    "self": 0.0,
                                    "children": {
                                        "worker_root": {
                                            "total": 5131.599561800009,
                                            "count": 238807,
                                            "is_parallel": true,
                                            "self": 1783.5047278000352,
                                            "children": {
                                                "steps_from_proto": {
                                                    "total": 0.00041309999999938896,
                                                    "count": 1,
                                                    "is_parallel": true,
                                                    "self": 8.629999999953952e-05,
                                                    "children": {
                                                        "_process_vector_observation": {
                                                            "total": 0.00032679999999984943,
                                                            "count": 4,
                                                            "is_parallel": true,
                                                            "self": 0.00032679999999984943
                                                        }
                                                    }
                                                },
                                                "UnityEnvironment.step": {
                                                    "total": 3348.0944208999736,
                                                    "count": 238807,
                                                    "is_parallel": true,
                                                    "self": 48.025645599845575,
                                                    "children": {
                                                        "UnityEnvironment._generate_step_input": {
                                                            "total": 60.71786569996651,
                                                            "count": 238807,
                                                            "is_parallel": true,
                                                            "self": 60.71786569996651
                                                        },
                                                        "communicator.exchange": {
                                                            "total": 3081.92472110016,
                                                            "count": 238807,