{
    "name": "root",
    "gauges": {
        "Collector.Policy.Entropy.mean": {
            "value": 1.3532689809799194,
            "min": 1.3532689809799194,
            "max": 1.3532689809799194,
            "count": 1
        },
        "Collector.Environment.EpisodeLength.mean": {
            "value": 293.77685950413223,
            "min": 293.77685950413223,
            "max": 293.77685950413223,
            "count": 1
        },
        "Collector.Policy.ExtrinsicValueEstimate.mean": {
            "value": 0.04734933376312256,
            "min": 0.04734933376312256,
            "max": 0.04734933376312256,
            "count": 1
        },
        "Collector.Environment.CumulativeReward.mean": {
            "value": 5.073966974223202,
            "min": 5.073966974223202,
            "max": 5.073966974223202,
            "count": 1
        },
        "Collector.Policy.ExtrinsicReward.mean": {
            "value": 5.073966974223202,
            "min": 5.073966974223202,
            "max": 5.073966974223202,
            "count": 1
        },
        "Collector.Losses.PolicyLoss.mean": {
            "value": 0.017259518274416526,
            "min": 0.017259518274416526,
            "max": 0.017259518274416526,
            "count": 1
        },
        "Collector.Losses.ValueLoss.mean": {
            "value": 0.10342661490043005,
            "min": 0.10342661490043005,
            "max": 0.10342661490043005,
            "count": 1
        },
        "Collector.Policy.LearningRate.mean": {
            "value": 0.00021996776667742,
            "min": 0.00021996776667742,
            "max": 0.00021996776667742,
            "count": 1
        },
        "Collector.Policy.Epsilon.mean": {
            "value": 0.17332257999999995,
            "min": 0.17332257999999995,
            "max": 0.17332257999999995,
            "count": 1
        },
        "Collector.Policy.Beta.mean": {
            "value": 0.003668796742000001,
            "min": 0.003668796742000001,
            "max": 0.003668796742000001,
            "count": 1
        },
        "Collector.IsTraining.mean": {
            "value": 1.0,
            "min": 1.0,
            "max": 1.0,
            "count": 1
        }
    },
    "metadata": {
        "timer_format_version": "0.1.0",
        "start_time_seconds": "1610110343",
        "python_version": "3.7.9 (default, Aug 31 2020, 17:10:11) [MSC v.1916 64 bit (AMD64)]",
        "command_line_arguments": "C:\\ProgramData\\Anaconda3\\envs\\ml-capsule\\Scripts\\mlagents-learn C:\\Users\\marina.carretero\\Desktop\\aiml\\project\\ml-agents-release_7_branch\\config\\ppo\\Collector.yaml --run-id=collector09 --resume",
        "mlagents_version": "0.23.0",
        "mlagents_envs_version": "0.23.0",
        "communication_protocol_version": "1.3.0",
        "pytorch_version": "1.7.1",
        "numpy_version": "1.19.5",
        "end_time_seconds": "1610110584"
    },
    "total": 241.48505419999998,
    "count": 1,
    "self": 0.02653680000000236,
    "children": {
        "run_training.setup": {
            "total": 0.09685029999999983,
            "count": 1,
            "self": 0.09685029999999983
        },
        "TrainerController.start_learning": {
            "total": 241.36166709999998,
            "count": 1,
            "self": 0.2082173999995689,
            "children": {
                "TrainerController._reset_env": {
                    "total": 14.5884976,
                    "count": 1,
                    "self": 14.5884976
                },
                "TrainerController.advance": {
                    "total": 226.23620290000036,
                    "count": 5437,
                    "self": 0.11272160000021358,
                    "children": {
                        "env_step": {
                            "total": 226.12348130000015,
                            "count": 5437,
                            "self": 202.74818239999976,
                            "children": {
                                "SubprocessEnvManager._take_step": {
                                    "total": 23.268230300000127,
                                    "count": 5437,
                                    "self": 0.5667835000002697,
                                    "children": {
                                        "TorchPolicy.evaluate": {
                                            "total": 22.701446799999857,
                                            "count": 5247,
                                            "self": 8.190511999999963,
                                            "children": {
                                                "TorchPolicy.sample_actions": {
                                                    "total": 14.510934799999895,
                                                    "count": 5247,
                                                    "self": 14.510934799999895
                                                }
                                            }
                                        }
                                    }
                                },
                                "workers": {
                                    "total": 0.10706860000026452,
                                    "count": 5436,
                                    "self": 0.0,
                                    "children": {
                                        "worker_root": {
                                            "total": 114.28717620000037,
                                            "count": 5436,
                                            "is_parallel": true,
                                            "self": 36.38818429999971,
                                            "children": {
                                                "steps_from_proto": {
                                                    "total": 0.0010203999999998103,
                                                    "count": 1,
                                                    "is_parallel": true,
                                                    "self": 0.00016740000000048383,
                                                    "children": {
                                                        "_process_vector_observation": {
                                                            "total": 0.0008529999999993265,
                                                            "count": 4,
                                                            "is_parallel": true,
                                                            "self": 0.0008529999999993265
                                                        }
                                                    }
                                                },
                                                "UnityEnvironment.step": {
                                                    "total": 77.89797150000066,
                                                    "count": 5436,
                                                    "is_parallel": true,
                                                    "self": 1.1564956000009659,
                                                    "children": {
                                                        "UnityEnvironment._generate_step_input": {
                                                            "total": 1.7294541999997648,
                                                            "count": 5436,
                                                            "is_parallel": true,
                                                            "self": 1.7294541999997648
                                                        },
                                                        "communicator.exchange": {
                                                            "total": 71.0226545000003,
                                                            "count": 5436,