{
    "name": "root",
    "gauges": {
        "Collector.Policy.Entropy.mean": {
            "value": 1.4112600088119507,
            "min": 1.4112600088119507,
            "max": 1.4189873933792114,
            "count": 3
        },
        "Collector.Policy.ExtrinsicValueEstimate.mean": {
            "value": 0.10612540692090988,
            "min": 0.018229994922876358,
            "max": 0.1228749081492424,
            "count": 3
        },
        "Collector.Losses.PolicyLoss.mean": {
            "value": 0.015576544318658611,
            "min": 0.015576544318658611,
            "max": 0.01780920159847786,
            "count": 3
        },
        "Collector.Losses.ValueLoss.mean": {
            "value": 0.21125069790416293,
            "min": 0.0867000994582971,
            "max": 0.21125069790416293,
            "count": 3
        },
        "Collector.Policy.LearningRate.mean": {
            "value": 0.0002925207424930866,
            "min": 0.0002925207424930866,
            "max": 0.00029808030063989996,
            "count": 3
        },
        "Collector.Policy.Epsilon.mean": {
            "value": 0.19750691333333337,
            "min": 0.19750691333333337,
            "max": 0.19936009999999998,
            "count": 3
        },
        "Collector.Policy.Beta.mean": {
            "value": 0.004875594975333333,
            "min": 0.004875594975333333,
            "max": 0.004968068989999999,
            "count": 3
        },
        "Collector.Environment.EpisodeLength.mean": {
            "value": 261.32608695652175,
            "min": 261.32608695652175,
            "max": 2704.9166666666665,
            "count": 3
        },
        "Collector.Environment.CumulativeReward.mean": {
            "value": 8.420652256549701,
            "min": -12.100000311620533,
            "max": 8.420652256549701,
            "count": 3
        },
        "Collector.Policy.ExtrinsicReward.mean": {
            "value": 8.420652256549701,
            "min": -12.100000311620533,
            "max": 8.420652256549701,
            "count": 3
        },
        "Collector.IsTraining.mean": {
            "value": 1.0,
            "min": 1.0,
            "max": 1.0,
            "count": 3
        }
    },
    "metadata": {
        "timer_format_version": "0.1.0",
        "start_time_seconds": "1610123797",
        "python_version": "3.7.9 (default, Aug 31 2020, 17:10:11) [MSC v.1916 64 bit (AMD64)]",
        "command_line_arguments": "C:\\ProgramData\\Anaconda3\\envs\\ml-capsule\\Scripts\\mlagents-learn C:\\Users\\marina.carretero\\Desktop\\aiml\\project\\ml-agents-release_7_branch\\config\\ppo\\Collector.yaml --run-id=collector12",
        "mlagents_version": "0.23.0",
        "mlagents_envs_version": "0.23.0",
        "communication_protocol_version": "1.3.0",
        "pytorch_version": "1.7.1",
        "numpy_version": "1.19.5",
        "end_time_seconds": "1610125838"
    },
    "total": 2041.6005274,
    "count": 1,
    "self": 0.018679999999903885,
    "children": {
        "run_training.setup": {
            "total": 0.09310490000000016,
            "count": 1,
            "self": 0.09310490000000016
        },
        "TrainerController.start_learning": {
            "total": 2041.4887425,
            "count": 1,
            "self": 0.5426869999996597,
            "children": {
                "TrainerController._reset_env": {
                    "total": 13.7959608,
                    "count": 1,
                    "self": 13.7959608
                },
                "TrainerController.advance": {
                    "total": 2026.9489162000002,
                    "count": 14396,
                    "self": 0.3199424999997973,
                    "children": {
                        "env_step": {
                            "total": 2026.6289737000004,
                            "count": 14396,
                            "self": 1963.6337530999979,
                            "children": {
                                "SubprocessEnvManager._take_step": {
                                    "total": 62.70913050000345,
                                    "count": 14396,
                                    "self": 1.5363808000062917,
                                    "children": {
                                        "TorchPolicy.evaluate": {
                                            "total": 61.172749699997155,
                                            "count": 14314,
                                            "self": 22.441365899994835,
                                            "children": {
                                                "TorchPolicy.sample_actions": {
                                                    "total": 38.73138380000232,
                                                    "count": 14314,
                                                    "self": 38.73138380000232
                                                }
                                            }
                                        }
                                    }
                                },
                                "workers": {
                                    "total": 0.2860900999991358,
                                    "count": 14395,
                                    "self": 0.0,
                                    "children": {
                                        "worker_root": {
                                            "total": 477.0775332000046,
                                            "count": 14395,
                                            "is_parallel": true,
                                            "self": 233.164593300005,
                                            "children": {
                                                "steps_from_proto": {
                                                    "total": 0.0005515000000002601,
                                                    "count": 1,
                                                    "is_parallel": true,
                                                    "self": 0.00011889999999858958,
                                                    "children": {
                                                        "_process_vector_observation": {
                                                            "total": 0.00043260000000167054,
                                                            "count": 4,
                                                            "is_parallel": true,
                                                            "self": 0.00043260000000167054
                                                        }
                                                    }
                                                },
                                                "UnityEnvironment.step": {
                                                    "total": 243.9123883999996,
                                                    "count": 14395,
                                                    "is_parallel": true,
                                                    "self": 3.078230200005919,
                                                    "children": {
                                                        "UnityEnvironment._generate_step_input": {
                                                            "total": 4.687800699997128,
                                                            "count": 14395,
                                                            "is_parallel": true,
                                                            "self": 4.687800699997128
                                                        },
                                                        "communicator.exchange": {
                                                            "total": 225.40978059999705,
                                                            "count": 14395,